ID,Timestamp,Transaction Type,Asset,Quantity Transacted,Price Currency,Price at Transaction,Subtotal,Total (inclusive of fees and/or spread),Fees and/or Spread,Notes
679dba8400f6ad03d7c24f2c,2025-02-01 06:09:08 UTC,Receive,BTC,0.0000002786465488,USD,$102461.20,$0.02855,$0.02855,$0.00,Received 0.0000002786465488 BTC from Coinbase
679d4143f5f25858de94dc14,2025-01-31 21:31:47 UTC,Receive,BTC,0.0000002400984955,USD,$101624.965,$0.02440,$0.02440,$0.00,Received 0.0000002400984955 BTC from Coinbase
679bf01b1fd11e0a44f1f170,2025-01-30 21:33:15 UTC,Card Spend,SHIB,-307116.1048689138576779,USD,$0.0000185923170732,-$5.71,-$5.71,$0.00,
679b6a38be65b7c11ed66fb5,2025-01-30 12:02:00 UTC,Card Spend,SHIB,-262875.536480686695279,USD,$0.0000185639183673,-$4.88,-$4.88,$0.00,
67956289f789ef12748d8d45,2025-01-25 22:15:37 UTC,Receive,BTC,0.0000002218294666,USD,$105035.645,$0.02330,$0.02330,$0.00,Received 0.0000002218294666 BTC from Coinbase
6793809057ba46a66361e92d,2025-01-24 11:59:12 UTC,Card Spend,SHIB,-228515.625,USD,$0.0000203924786325,-$4.66,-$4.66,$0.00,
67917ac7bbff43c6f76d1685,2025-01-22 23:09:59 UTC,Receive,BTC,0.0000003251646513,USD,$103809.125,$0.03376,$0.03376,$0.00,Received 0.0000003251646513 BTC from Coinbase
678febddb0b8c8fa6fc3e6bd,2025-01-21 18:47:57 UTC,Card Spend,SHIB,-319058.8235294117647059,USD,$0.0000211559734513,-$6.75,-$6.75,$0.00,
678a303e35259165ec83eaa0,2025-01-17 10:26:06 UTC,Receive,BTC,0.0000021767916741,USD,$102237.33,$0.22255,$0.22255,$0.00,Received 0.0000021767916741 BTC from Coinbase
6788a9e9555a4057d59ae0fd,2025-01-16 06:40:41 UTC,Receive,BTC,0.0000002866459854,USD,$99774.645,$0.02860,$0.02860,$0.00,Received 0.0000002866459854 BTC from Coinbase
678877c68892dd74254abc88,2025-01-16 03:06:46 UTC,Card Spend,DOGE,-118.38657597,USD,$0.3759716812088488,-$44.51,-$44.51,$0.00,
6786b499493efd8297c3ff0d,2025-01-14 19:01:45 UTC,Card Spend,DOGE,-16.06908308,USD,$0.3559630609614099,-$5.72,-$5.72,$0.00,
6780520be8d4da537dd2363e,2025-01-09 22:47:39 UTC,Receive,BTC,0.0000003088261653,USD,$92453.05,$0.02855,$0.02855,$0.00,Received 0.0000003088261653 BTC from Coinbase
677ec16011741e79bca8dfd3,2025-01-08 18:18:08 UTC,Card Spend,DOGE,-16.97873222,USD,$0.3363030835290481,-$5.71,-$5.71,$0.00,
677857bcec925815405fd91b,2025-01-03 21:33:48 UTC,Receive,BTC,0.000000312403932,USD,$98270.185,$0.03070,$0.03070,$0.00,Received 0.000000312403932 BTC from Coinbase
67769c11470761e2095f8fa4,2025-01-02 14:00:49 UTC,Card Spend,DOGE,-18.23986756,USD,$0.3366252512416817,-$6.14,-$6.14,$0.00,
677080189698669f3b5be80c,2024-12-28 22:47:52 UTC,Receive,BTC,0.0000003009306438,USD,$95043.635,$0.02860,$0.02860,$0.00,Received 0.0000003009306438 BTC from Coinbase
67707f249698669f3b5bb819,2024-12-28 22:43:48 UTC,Receive,BTC,0.0000002512493201,USD,$94925.635,$0.02385,$0.02385,$0.00,Received 0.0000002512493201 BTC from Coinbase
676f20170226e03305571e60,2024-12-27 21:45:59 UTC,Receive,BTC,0.0000002466219932,USD,$94469.695,$0.02330,$0.02330,$0.00,Received 0.0000002466219932 BTC from Coinbase
676ed6e4470761e209dc9720,2024-12-27 16:33:40 UTC,Card Spend,DOGE,-18.43835177,USD,$0.3102229565500908,-$5.72,-$5.72,$0.00,
676eb91a57b4dbd363a3a683,2024-12-27 14:26:34 UTC,Card Spend,DOGE,-15.11660934,USD,$0.3155469518801496,-$4.77,-$4.77,$0.00,
676d67bcbac3e4930adbb6e0,2024-12-26 14:27:08 UTC,Card Spend,DOGE,-14.80918929,USD,$0.3146694872180947,-$4.66,-$4.66,$0.00,
676b3a76bebf9edb7cdc34f8,2024-12-24 22:49:26 UTC,Receive,BTC,0.0000002148556246,USD,$98670.915,$0.02120,$0.02120,$0.00,Received 0.0000002148556246 BTC from Coinbase
6769739b470761e209fd9804,2024-12-23 14:28:43 UTC,Card Spend,DOGE,-13.59285258,USD,$0.3119286386022146,-$4.24,-$4.24,$0.00,
6767368df61c8823c11318d4,2024-12-21 21:43:41 UTC,Receive,BTC,0.0000002460295625,USD,$96941.435,$0.02385,$0.02385,$0.00,Received 0.0000002460295625 BTC from Coinbase
6765e1430577e84425b6a328,2024-12-20 21:27:31 UTC,Receive,BTC,0.000000242788074,USD,$95957.205,$0.02330,$0.02330,$0.00,Received 0.000000242788074 BTC from Coinbase
6765d3c94e2234f5851fb4ac,2024-12-20 20:30:01 UTC,Receive,BTC,0.0000003316952874,USD,$97065.54,$0.03220,$0.03220,$0.00,Received 0.0000003316952874 BTC from Coinbase
6765591df9b943c2afa91690,2024-12-20 11:46:37 UTC,Card Spend,DOGE,-17.8631363,USD,$0.2670303758472693,-$4.77,-$4.77,$0.00,
67653f20a658c108c18634f7,2024-12-20 09:55:44 UTC,Receive,BTC,0.0000010543247833,USD,$94854.665,$0.10001,$0.10001,$0.00,Received 0.0000010543247833 BTC from Coinbase
6764c6d875db9093d1089118,2024-12-20 01:22:32 UTC,Card Spend,DOGE,-64.24277309,USD,$0.3111634046680285,-$19.99,-$19.99,$0.00,
6764917ad7299b52eba35274,2024-12-19 21:34:50 UTC,Receive,BTC,0.0000002393299173,USD,$97374.525,$0.02330,$0.02330,$0.00,Received 0.0000002393299173 BTC from Coinbase
676454a354ec93a33eb4ad74,2024-12-19 17:15:15 UTC,Card Spend,DOGE,-18.47199223,USD,$0.3486359197109732,-$6.44,-$6.44,$0.00,
67640a1e8e8ebf262493098b,2024-12-19 11:57:18 UTC,Card Spend,DOGE,-12.77780811,USD,$0.3646947864519152,-$4.66,-$4.66,$0.00,
676381af385c53675545ce90,2024-12-19 02:15:11 UTC,Receive,BTC,0.0000002463676672,USD,$99116.375,$0.02442,$0.02442,$0.00,Received 0.0000002463676672 BTC from Coinbase
6762b8ccfb3c84056332192a,2024-12-18 11:58:04 UTC,Card Spend,DOGE,-12.02652002,USD,$0.3874770084987561,-$4.66,-$4.66,$0.00,
676168f9bac78dd807868ecb,2024-12-17 12:05:13 UTC,Card Spend,DOGE,-12.11671612,USD,$0.4027493878432137,-$4.88,-$4.88,$0.00,
675dfb50eaad9e3c8224c636,2024-12-14 21:40:32 UTC,Receive,BTC,0.0000002413570916,USD,$101095.025,$0.02440,$0.02440,$0.00,Received 0.0000002413570916 BTC from Coinbase
675c297d4a977a59e303be08,2024-12-13 12:33:01 UTC,Card Spend,DOGE,-12.07521132,USD,$0.4041337141584699,-$4.88,-$4.88,$0.00,
675c06a372c137d057f94d6b,2024-12-13 10:04:19 UTC,Receive,BTC,0.0000016397214431,USD,$100135.535,$0.16419,$0.16419,$0.00,Received 0.0000016397214431 BTC from Coinbase
675b55704bc3fcb3ee07f224,2024-12-12 21:28:16 UTC,Card Spend,DOGE,-80.73394495,USD,$0.4067681818389825,-$32.84,-$32.84,$0.00,
675a1308200cdb7b426e7464,2024-12-11 22:32:40 UTC,Receive,BTC,0.0000001301015324,USD,$101459.225,$0.01320,$0.01320,$0.00,Received 0.0000001301015324 BTC from Coinbase
67596ddb4a977a59e3aec147,2024-12-11 10:47:55 UTC,Receive,BTC,0.0000025845513884,USD,$98063.445,$0.25345,$0.25345,$0.00,Received 0.0000025845513884 BTC from Coinbase
6759350b4a977a59e3a9da25,2024-12-11 06:45:31 UTC,Receive,BTC,0.000001627130335,USD,$97656.595,$0.15890,$0.15890,$0.00,Received 0.000001627130335 BTC from Coinbase
6758e764a353113a109cf405,2024-12-11 01:14:12 UTC,Card Spend,DOGE,-132.7841931,USD,$0.3817472457871945,-$50.69,-$50.69,$0.00,
6758d167db896fa773dad8cd,2024-12-10 23:40:23 UTC,Card Spend,DOGE,-81.03719491,USD,$0.3921655979738058,-$31.78,-$31.78,$0.00,
6758c50e247e93e2c36e5895,2024-12-10 22:47:42 UTC,Receive,BTC,0.0000002406305885,USD,$96832.105,$0.02330,$0.02330,$0.00,Received 0.0000002406305885 BTC from Coinbase
67588bbfbe7dd21d2197834c,2024-12-10 18:43:11 UTC,Card Spend,SHIB,-104992.0760697305863708,USD,$0.000025144754717,-$2.64,-$2.64,$0.00,
6756e1ba7650cd4d15315093,2024-12-09 12:25:30 UTC,Card Spend,ZRX,-6.742031271378603,USD,$0.691186352069104,-$4.66,-$4.66,$0.00,
6754c3267650cd4d15d75b75,2024-12-07 21:50:30 UTC,Receive,BTC,0.0000002121179376,USD,$99944.415,$0.02120,$0.02120,$0.00,Received 0.0000002121179376 BTC from Coinbase
6752fafc7b8995ba7061531b,2024-12-06 13:24:12 UTC,Card Spend,ZRX,-5.4700029404475901,USD,$0.7751366948356807,-$4.24,-$4.24,$0.00,
67529ae186c2961c0b3081ca,2024-12-06 06:34:09 UTC,Receive,BTC,0.0000001343992962,USD,$98214.805,$0.01320,$0.01320,$0.00,Received 0.0000001343992962 BTC from Coinbase
6750ce422b026360f3e87031,2024-12-04 21:48:50 UTC,Receive,BTC,0.0000002384978281,USD,$97722.595,$0.02331,$0.02331,$0.00,Received 0.0000002384978281 BTC from Coinbase
6750b8563600c0da4a865163,2024-12-04 20:15:18 UTC,Card Spend,ZRX,-3.8175251776589783,USD,$0.6915475018867925,-$2.64,-$2.64,$0.00,
674ef53c641d07f85a4654eb,2024-12-03 12:10:36 UTC,Card Spend,BTC,-0.00004941,USD,$94312.892127099777373,-$4.66,-$4.66,$0.00,
6748ee24a12d37558ff4fec9,2024-11-28 22:26:44 UTC,Receive,BTC,0.0000002443062489,USD,$95373.915,$0.02330,$0.02330,$0.00,Received 0.0000002443062489 BTC from Coinbase
67472e8e7a9c71f8df2112f6,2024-11-27 14:37:02 UTC,Card Spend,BTC,-0.00004952,USD,$94103.3925686591276252,-$4.66,-$4.66,$0.00,
67472d2efd5f0b58ccfab631,2024-11-27 14:31:10 UTC,Buy,BTC,0.00007345,USD,$94481.26,$7.01,$8.00,$0.99,Bought 0.00007345 BTC for 8 USD
67472cddc7aa27c06b23111e,2024-11-27 14:29:49 UTC,Sell,CORECHAIN,-5.4899437,USD,$1.0395,$5.63,$4.64,-$0.99,Sold 5.4899437 CORECHAIN for 4.64 USD
6742486b35710c18e69323be,2024-11-23 21:26:03 UTC,Receive,BTC,0.0000002381833947,USD,$97824.10,$0.02330,$0.02330,$0.00,Received 0.0000002381833947 BTC from Coinbase
674089792df8d4217fc0a4be,2024-11-22 13:39:05 UTC,Card Spend,BTC,-0.00004777,USD,$97550.7640778731421394,-$4.66,-$4.66,$0.00,
673e5819751e3f9a3b672245,2024-11-20 21:43:53 UTC,Receive,BTC,0.0000002410337557,USD,$94595.12,$0.02280,$0.02280,$0.00,Received 0.0000002410337557 BTC from Coinbase
673ca937e722bf467ef16c35,2024-11-19 15:05:27 UTC,Card Spend,BTC,-0.00004973,USD,$91695.1538306857027951,-$4.56,-$4.56,$0.00,
673916aa18628bf27815343a,2024-11-16 22:03:22 UTC,Receive,BTC,0.0000002559643821,USD,$91030.88,$0.02330,$0.02330,$0.00,Received 0.0000002559643821 BTC from Coinbase
67375d87b7d5a1d3b9d752dd,2024-11-15 14:41:11 UTC,Card Spend,BTC,-0.00005268,USD,$88458.6180713743356112,-$4.66,-$4.66,$0.00,
67359aa6aca9d804addf849d,2024-11-14 06:37:26 UTC,Receive,BTC,0.0000001289595587,USD,$89950.685,$0.01160,$0.01160,$0.00,Received 0.0000001289595587 BTC from Coinbase
67336576839c6416f5be7a27,2024-11-12 14:25:58 UTC,Card Spend,BTC,-0.00002705,USD,$85767.0979667282809612,-$2.32,-$2.32,$0.00,
672c6811b8103ea2fafdd5aa,2024-11-07 07:11:13 UTC,Receive,BTC,0.0000005613109768,USD,$74915.39,$0.04205,$0.04205,$0.00,Received 0.0000005613109768 BTC from Coinbase
672c5f67fdc5e3c3046899e6,2024-11-07 06:34:15 UTC,Receive,BTC,0.0000002830037577,USD,$74734.65,$0.02115,$0.02115,$0.00,Received 0.0000002830037577 BTC from Coinbase
672a7b0cdd8a93076134f868,2024-11-05 20:07:40 UTC,Card Spend,BTC,-0.00006132,USD,$68982.3874755381604697,-$4.23,-$4.23,$0.00,
672a1bdf43c122f2ebc96710,2024-11-05 13:21:35 UTC,Card Spend,BTC,-0.00012309,USD,$68323.9905760012998619,-$8.41,-$8.41,$0.00,
6725c10f18477b2d780e1aa3,2024-11-02 06:05:03 UTC,Receive,BTC,0.0000003803235247,USD,$69677.525,$0.02650,$0.02650,$0.00,Received 0.0000003803235247 BTC from Coinbase
6723f5546fae4f118ed04c93,2024-10-31 21:23:32 UTC,Receive,BTC,0.0000003550857332,USD,$70132.94,$0.02490,$0.02490,$0.00,Received 0.0000003550857332 BTC from Coinbase
6723bf90d1585621bb859b39,2024-10-31 17:34:08 UTC,Card Spend,BTC,-0.00007562,USD,$70087.2784977519174821,-$5.30,-$5.30,$0.00,
67222257d1585621bb57e50d,2024-10-30 12:11:03 UTC,Card Spend,BTC,-0.0000694,USD,$71757.9250720461095101,-$4.98,-$4.98,$0.00,
672188278eb2e2b79c54c26b,2024-10-30 01:13:11 UTC,Credit,BTC,0.0001762,USD,$72474.4608399545970488,$12.77,$12.77,$0.00,"You were credited back 12.77 USD in BTC at TEMU.COM on October 30, 2024"
672184998eb2e2b79c54344a,2024-10-30 00:58:01 UTC,Card Spend,BTC,-0.00017753,USD,$71931.5045344448825551,-$12.77,-$12.77,$0.00,
672165bfbbe561890760623a,2024-10-29 22:46:23 UTC,Receive,BTC,0.0000001450122786,USD,$72768.055,$0.01055,$0.01055,$0.00,Received 0.0000001450122786 BTC from Coinbase
671f9b7bc21950657ad1c0bc,2024-10-28 14:11:07 UTC,Card Spend,BTC,-0.00003074,USD,$68640.2081977878985036,-$2.11,-$2.11,$0.00,
671f7e0091e83d0001806304,2024-10-28 12:05:20 UTC,Withdrawal,USD,-118,USD,$1.00,$118.00,$115.93,-$2.07,Withdrawal to Capital One 360 - Main... *****7839
671eb56ff02a1c34e4b52bdb,2024-10-27 21:49:35 UTC,Sell,BTC,-0.00186007,USD,$67873.915,$125.00,$121.26,-$3.74,Sold 0.00186007 BTC for 121.26 USD
671dd757bbe5618907d4a504,2024-10-27 06:01:59 UTC,Receive,BTC,0.0000008894250125,USD,$67065.805,$0.05965,$0.05965,$0.00,Received 0.0000008894250125 BTC from Coinbase
671d60dcd1585621bba926f3,2024-10-26 21:36:28 UTC,Receive,BTC,0.0000003706736689,USD,$67176.595,$0.02490,$0.02490,$0.00,Received 0.0000003706736689 BTC from Coinbase
671bb231112ab3f91cf76cfa,2024-10-25 14:58:57 UTC,Card Spend,BTC,-0.00017562,USD,$67930.7595945792051019,-$11.93,-$11.93,$0.00,
671b7947f02a1c34e44395c7,2024-10-25 10:56:07 UTC,Card Spend,BTC,-0.00007373,USD,$67543.7406754374067544,-$4.98,-$4.98,$0.00,
671b3d69d1585621bb6480cf,2024-10-25 06:40:41 UTC,Receive,BTC,0.0000002106912581,USD,$67634.515,$0.01425,$0.01425,$0.00,Received 0.0000002106912581 BTC from Coinbase
671abeec0395962a9e71a0e7,2024-10-24 21:41:00 UTC,Receive,BTC,0.0000003639609653,USD,$68435.39,$0.02491,$0.02491,$0.00,Received 0.0000003639609653 BTC from Coinbase
671a0a8270a6b5018d7ae259,2024-10-24 08:51:14 UTC,Receive,BTC,0.0000009409567924,USD,$66899.995,$0.06295,$0.06295,$0.00,Received 0.0000009409567924 BTC from Coinbase
6719e7eb9cb4cf9b073054d1,2024-10-24 06:23:39 UTC,Receive,BTC,0.0000006680768532,USD,$67359.07,$0.04500,$0.04500,$0.00,Received 0.0000006680768532 BTC from Coinbase
6719bbd23a0f43d48f7e9a57,2024-10-24 03:15:30 UTC,Card Spend,BTC,-0.00018804,USD,$66953.839608593916188,-$12.59,-$12.59,$0.00,
67196f8ddaceaea863b70472,2024-10-23 21:50:05 UTC,Receive,BTC,0.0000003751953954,USD,$66365.425,$0.02490,$0.02490,$0.00,Received 0.0000003751953954 BTC from Coinbase
6719433abda62028e34487da,2024-10-23 18:40:58 UTC,Card Spend,BTC,-0.00004356,USD,$65426.9972451790633609,-$2.85,-$2.85,$0.00,
6718d6fb3a0f43d48f6357bc,2024-10-23 10:59:07 UTC,Card Spend,BTC,-0.00007534,USD,$66100.3451022033448367,-$4.98,-$4.98,$0.00,
67180c6621c4d27db0f7075e,2024-10-22 20:34:46 UTC,Receive,BTC,0.0000004232991566,USD,$67446.99,$0.02855,$0.02855,$0.00,Received 0.0000004232991566 BTC from Coinbase
6717db4dc425ffeb19662138,2024-10-22 17:05:17 UTC,Card Spend,BTC,-0.00013509,USD,$66622.2518321119253831,-$9.00,-$9.00,$0.00,
6717850fa4f9306b1a195bb9,2024-10-22 10:57:19 UTC,Card Spend,BTC,-0.00007444,USD,$66899.5163890381515314,-$4.98,-$4.98,$0.00,
67167e25dd9115d42bd6e154,2024-10-21 16:15:33 UTC,Card Spend,BTC,-0.00008542,USD,$66846.1718567080309061,-$5.71,-$5.71,$0.00,
6714a4bf01097298fc572b84,2024-10-20 06:35:43 UTC,Receive,BTC,0.0000004801903519,USD,$68201.455,$0.03275,$0.03275,$0.00,Received 0.0000004801903519 BTC from Coinbase
67141b7901097298fc492ab3,2024-10-19 20:50:01 UTC,Receive,BTC,0.0000003648878798,USD,$68240.685,$0.02490,$0.02490,$0.00,Received 0.0000003648878798 BTC from Coinbase
67134cc9581ad0c671c370ba,2024-10-19 06:08:09 UTC,Receive,BTC,0.0000008727849698,USD,$68346.225,$0.05965,$0.05965,$0.00,Received 0.0000008727849698 BTC from Coinbase
6712a3125dfd82968e3e965e,2024-10-18 18:04:02 UTC,Card Spend,BTC,-0.00009586,USD,$68328.8128520759440851,-$6.55,-$6.55,$0.00,
67123fc901097298fc190f72,2024-10-18 11:00:25 UTC,Card Spend,BTC,-0.00007369,USD,$67580.4043967973944904,-$4.98,-$4.98,$0.00,
671220aa01097298fc161c06,2024-10-18 08:47:38 UTC,Receive,BTC,0.0000024858443135,USD,$67892.635,$0.16877,$0.16877,$0.00,Received 0.0000024858443135 BTC from Coinbase
6711ffd4581ad0c671a2d5a0,2024-10-18 06:27:32 UTC,Receive,BTC,0.0000006153546272,USD,$68235.455,$0.04199,$0.04199,$0.00,Received 0.0000006153546272 BTC from Coinbase
67116e4234edafbf5c405262,2024-10-17 20:06:26 UTC,Card Spend,BTC,-0.0005069,USD,$66581.1797198658512527,-$33.75,-$33.75,$0.00,
67113db40d8dda8896c224b6,2024-10-17 16:39:16 UTC,Card Spend,BTC,-0.00017827,USD,$66920.9625848432153475,-$11.93,-$11.93,$0.00,
6710b8f3b11fbcd577c392d6,2024-10-17 07:12:51 UTC,Receive,BTC,0.0000018604732883,USD,$67160.955,$0.12495,$0.12495,$0.00,Received 0.0000018604732883 BTC from Coinbase
6710a92ea9811094db9a10b1,2024-10-17 06:05:34 UTC,Receive,BTC,0.0000003546293328,USD,$67240.455,$0.02385,$0.02385,$0.00,Received 0.0000003546293328 BTC from Coinbase
67101c32c51dcd0e18c91c8d,2024-10-16 20:04:02 UTC,Card Spend,BTC,-0.0003706,USD,$67431.1926605504587156,-$24.99,-$24.99,$0.00,
670f9c6aa9811094db7b8758,2024-10-16 10:58:50 UTC,Card Spend,BTC,-0.00012482,USD,$67377.0229129947123858,-$8.41,-$8.41,$0.00,
670ee906a9811094db6d351e,2024-10-15 22:13:26 UTC,Receive,BTC,0.0000240917490228,USD,$66578.475,$1.60399,$1.60399,$0.00,Received 0.0000240917490228 BTC from Coinbase
670e4b16ed6d5840e63be5bf,2024-10-15 10:59:34 UTC,Card Spend,BTC,-0.00007298,USD,$65360.3727048506440121,-$4.77,-$4.77,$0.00,
670a3e5b79261b0e2a35b582,2024-10-12 09:16:11 UTC,Receive,BTC,0.0000122468809037,USD,$62660.06,$0.76739,$0.76739,$0.00,Received 0.0000122468809037 BTC from Coinbase
67096caca490324d52402f99,2024-10-11 18:21:32 UTC,Card Spend,BTC,-0.00245597,USD,$62488.5483128865580606,-$153.47,-$153.47,$0.00,
6709545479261b0e2a213d64,2024-10-11 16:37:40 UTC,Send,CORECHAIN,-5.49243319,USD,$0.9105000005472105,-$5.00086,-$5.00086,$0.00,Sent 5.49243319 CORECHAIN to 0x9DA86b8B725DC4F6fF9a31A8220a281633788901
670953f25f8c075fd9f1922b,2024-10-11 16:36:02 UTC,Learning Reward,CORECHAIN,5.4914881933003845,USD,$0.9105,$5.00,$5.00,$0.00,Received 5.4914881933003845 CORECHAIN from Coinbase as a learning reward
670952c179261b0e2a2112e0,2024-10-11 16:30:57 UTC,Learning Reward,CORECHAIN,1.0989010989010989,USD,$0.91,$1.00,$1.00,$0.00,Received 1.0989010989010989 CORECHAIN from Coinbase as a learning reward
670952b2bfe65d60818a5095,2024-10-11 16:30:42 UTC,Learning Reward,CORECHAIN,1.0989010989010989,USD,$0.91,$1.00,$1.00,$0.00,Received 1.0989010989010989 CORECHAIN from Coinbase as a learning reward
670952a1bfe65d60818a4efc,2024-10-11 16:30:25 UTC,Learning Reward,CORECHAIN,1.0982976386600769,USD,$0.9105,$1.00,$1.00,$0.00,Received 1.0982976386600769 CORECHAIN from Coinbase as a learning reward
6709528bbfe65d60818a4b87,2024-10-11 16:30:03 UTC,Learning Reward,CORECHAIN,1.0982976386600769,USD,$0.9105,$1.00,$1.00,$0.00,Received 1.0982976386600769 CORECHAIN from Coinbase as a learning reward
6709524579261b0e2a2102f2,2024-10-11 16:28:53 UTC,Learning Reward,CORECHAIN,1.0964912280701754,USD,$0.912,$1.00,$1.00,$0.00,Received 1.0964912280701754 CORECHAIN from Coinbase as a learning reward
67094e9579261b0e2a2099f6,2024-10-11 16:13:09 UTC,Send,ETH,-0.001,USD,$2441.035,-$2.44104,-$2.44104,$0.00,Sent 0.001 ETH to 0xC6E868535F0ff5db0905D6353f56825bC02AC58A
67094dd479261b0e2a2084a5,2024-10-11 16:09:56 UTC,Advanced Trade Buy,ETH,0.00178267,USD,$2444.0712025,$4.35697,$4.40926,$0.0522836689267281,Bought 0.00178267 ETH for 0.00007080943507 BTC on ETH-BTC at 0.03925 BTC/ETH
67094dd410ab2f4eccb9c748,2024-10-11 16:09:56 UTC,Advanced Trade Buy,ETH,0.000231377984693,USD,$2444.0712025,$0.56550,$0.57229,$0.006786051231965364,Bought 0.000231377984693 ETH for 0.00000919056493000025 BTC on ETH-BTC at 0.03925 BTC/ETH
67093b1870eac813861057aa,2024-10-11 14:50:00 UTC,Card Spend,BTC,-0.00522535,USD,$61389.189240912092013,-$320.78,-$320.78,$0.00,
670855b3034a83f64104488c,2024-10-10 22:31:15 UTC,Receive,BTC,0.0000012841411236,USD,$60040.135,$0.07710,$0.07710,$0.00,Received 0.0000012841411236 BTC from Coinbase
670841707d7785215ad66172,2024-10-10 21:04:48 UTC,Receive,BTC,0.0000004174244709,USD,$59648.325,$0.02490,$0.02490,$0.00,Received 0.0000004174244709 BTC from Coinbase
6706f1f966658000010f7565,2024-10-09 21:13:29 UTC,Withdrawal,USD,-70,USD,$1.00,$70.00,$68.77,-$1.23,Withdrawal to Capital One 360 - Main... *****7839
6706f1c591ba9b0fe2bf16ff,2024-10-09 21:12:37 UTC,Sell,BTC,-0.00125196,USD,$60505.285,$75.00,$70.51,-$4.49,Sold 0.00125196 BTC for 70.51 USD
6706ae59c9ae194ccf657e3f,2024-10-09 16:24:57 UTC,Card Spend,BTC,-0.00025072,USD,$61502.8717294192724952,-$15.42,-$15.42,$0.00,
6706625391ba9b0fe2ada528,2024-10-09 11:00:35 UTC,Card Spend,BTC,-0.00008052,USD,$61847.9880774962742176,-$4.98,-$4.98,$0.00,
6703d0b58515bb6eaa645014,2024-10-07 12:14:45 UTC,Send,BTC,-0.00056644,USD,$63035.8043368633383762,-$35.70600,-$35.70600,$0.00,Sent 0.00056644 BTC to 1DpTUxYJw5Bfg3WnkHAzcfZ3ReqR6exnhM
66efff52d0587526342b65cc,2024-09-22 11:28:18 UTC,Receive,BTC,0.00079612,USD,$62737.075,$49.94624,$49.94624,$0.00,Received 0.00079612 BTC from an external account
66de4dbc50c07cb02e609887,2024-09-09 01:22:04 UTC,Send,BTC,-0.00091375,USD,$54948.6779348088884981,-$50.20935,-$50.20935,$0.00,Sent 0.00091375 BTC to bc1qpp7ga44v7d6gmu6ywep6q2k0hxza8uv4jcwfwy
66daf631d12c1bfc4d18ba2c,2024-09-06 12:31:45 UTC,Receive,BTC,0.007965,USD,$56403.545,$449.25424,$449.25424,$0.00,Received 0.007965 BTC from an external account
66d8c5c3a78c745c69c262e4,2024-09-04 20:40:35 UTC,Send,BTC,-0.00021641,USD,$58010.115,-$12.55397,-$12.55397,$0.00,Sent 0.00021641 BTC to 1BE19hEa5WBxRg4xXKyjwsYmA7km1MrV52
66d47dae22362295b294db68,2024-09-01 14:43:58 UTC,Send,BTC,-0.00043541,USD,$57926.6879836878446638,-$25.22186,-$25.22186,$0.00,Sent 0.00043541 BTC to 1DpTUxYJw5Bfg3WnkHAzcfZ3ReqR6exnhM
66d4782b82590b3606456a1f,2024-09-01 14:20:27 UTC,Send,BTC,-0.00010765,USD,$57779.885,-$6.22,-$6.22,$0.00,Sent 0.00010765 BTC to bc1qnc92ns36put4lw4g4awvvee4g55t6xv468sc8d
638ad9d97fcc2a58a4998672,2022-12-03 05:08:41 UTC,Pro Withdrawal,ZRX,18.19364,USD,$0.191627,$3.48639,$3.48639,$0.00,
638ad9cec778ad85dc83efa4,2022-12-03 05:08:30 UTC,Pro Withdrawal,WLUNA,104.064,USD,$0.00018127,$0.01886,$0.01886,$0.00,
638ad9c47fcc2a58a4998334,2022-12-03 05:08:20 UTC,Pro Withdrawal,USDT,0.006856,USD,$1.000115,$0.00686,$0.00686,$0.00,
638ad9bf53dbba9f2adb6e52,2022-12-03 05:08:15 UTC,Pro Withdrawal,USD,0.05,USD,$1.00,$0.05,$0.05,$0.00,
638ad9b953dbba9f2adb6db2,2022-12-03 05:08:09 UTC,Pro Withdrawal,SHIB,1252415,USD,$0.000009355,$11.71634,$11.71634,$0.00,
638ad9afafe42424a58170a8,2022-12-03 05:07:59 UTC,Pro Withdrawal,ETH,0.00012813,USD,$1287.71,$0.16499,$0.16499,$0.00,
638ad9a4ac7b7716050a669b,2022-12-03 05:07:48 UTC,Pro Withdrawal,DOGE,680.9,USD,$0.101235,$68.93091,$68.93091,$0.00,
638ad99cac7b7716050a6545,2022-12-03 05:07:40 UTC,Pro Withdrawal,BTC,0.00622982,USD,$17018.595,$106.02278,$106.02278,$0.00,
6327bf605327fbf1e967d94a,2022-09-19 01:01:20 UTC,Learning Reward,XCN,15.649452269170579,USD,$0.0639,$1.00,$1.00,$0.00,Received 15.649452269170579 XCN from Coinbase as a learning reward
6327bf0d5327fbf1e967d696,2022-09-19 00:59:57 UTC,Learning Reward,XCN,15.6604807767598465,USD,$0.063855,$1.00,$1.00,$0.00,Received 15.6604807767598465 XCN from Coinbase as a learning reward
6327bebd82a882c8a0717068,2022-09-19 00:58:37 UTC,Learning Reward,XCN,15.6604807767598465,USD,$0.063855,$1.00,$1.00,$0.00,Received 15.6604807767598465 XCN from Coinbase as a learning reward
631351de435d97bd52428c97,2022-09-03 13:08:46 UTC,Convert,SAND,3.2370614,USD,$0.9264,$2.92234,$2.99865,,Converted 3.2370614 SAND to 0.00014722 BTC
631351cefec36a3bcf15b33b,2022-09-03 13:08:30 UTC,Convert,NEAR,0.717160055325082,USD,$4.183,$2.92949,$3.00598,,Converted 0.717160055325082 NEAR to 0.00014758 BTC
631351ac435d97bd52428969,2022-09-03 13:07:56 UTC,Learning Reward,SAND,1.0783415107564566,USD,$0.9273,$0.99995,$0.99995,$0.00,Received 1.0783415107564566 SAND from Coinbase as a learning reward
6313517795ca8405be1208d5,2022-09-03 13:07:03 UTC,Learning Reward,SAND,1.0792725702876261,USD,$0.92655,$1.00,$1.00,$0.00,Received 1.0792725702876261 SAND from Coinbase as a learning reward
631351397cc805959aaf22de,2022-09-03 13:06:01 UTC,Learning Reward,SAND,1.079447322970639,USD,$0.9264,$1.00,$1.00,$0.00,Received 1.079447322970639 SAND from Coinbase as a learning reward
631350ca7cc805959aaf1c78,2022-09-03 13:04:10 UTC,Learning Reward,NEAR,0.2390343014222541,USD,$4.1845,$1.00024,$1.00024,$0.00,Received 0.2390343014222541 NEAR from Coinbase as a learning reward
631350c095ca8405be11fde9,2022-09-03 13:04:00 UTC,Learning Reward,NEAR,0.2390914524805738,USD,$4.1825,$1.00,$1.00,$0.00,Received 0.2390914524805738 NEAR from Coinbase as a learning reward
631350b1435d97bd52427a23,2022-09-03 13:03:45 UTC,Learning Reward,NEAR,0.2390343014222541,USD,$4.1835,$1.00,$1.00,$0.00,Received 0.2390343014222541 NEAR from Coinbase as a learning reward
62f0052201450fa65185032c,2022-08-07 18:32:02 UTC,Convert,ALEPH,11.4788606067153091,USD,$0.2614,$2.92759,$3.00115,,Converted 11.4788606067153091 ALEPH to 0.00012593 BTC
62f0050ad81c59bcbe03fd3f,2022-08-07 18:31:38 UTC,Learning Reward,ALEPH,3.8248231019315357,USD,$0.26145,$1.00,$1.00,$0.00,Received 3.8248231019315357 ALEPH from Coinbase as a learning reward
62f00500af890a3721cae9b8,2022-08-07 18:31:28 UTC,Learning Reward,ALEPH,3.8270187523918867,USD,$0.26145,$1.00057,$1.00057,$0.00,Received 3.8270187523918867 ALEPH from Coinbase as a learning reward
62f004f82f005f401c7ed8a4,2022-08-07 18:31:20 UTC,Learning Reward,ALEPH,3.8270187523918867,USD,$0.2613,$1.00,$1.00,$0.00,Received 3.8270187523918867 ALEPH from Coinbase as a learning reward
62f003c6d81c59bcbe03e625,2022-08-07 18:26:14 UTC,Convert,HOPR,33.1064947905061433,USD,$0.0902,$2.92421,$3.00110,,Converted 33.1064947905061433 HOPR to 0.00012566 BTC
62f003a6af890a3721cad0f4,2022-08-07 18:25:42 UTC,Learning Reward,HOPR,11.0375275938189845,USD,$0.0906,$1.00,$1.00,$0.00,Received 11.0375275938189845 HOPR from Coinbase as a learning reward
62f0039eaf890a3721cad072,2022-08-07 18:25:34 UTC,Learning Reward,HOPR,11.0375275938189845,USD,$0.0906,$1.00,$1.00,$0.00,Received 11.0375275938189845 HOPR from Coinbase as a learning reward
62f00396af890a3721cacfda,2022-08-07 18:25:26 UTC,Learning Reward,HOPR,11.0314396028681743,USD,$0.09065,$1.00,$1.00,$0.00,Received 11.0314396028681743 HOPR from Coinbase as a learning reward
62e739bdd81c59bcbe6de033,2022-08-01 02:26:05 UTC,Convert,GAL,0.71716008,USD,$4.188,$2.94217,$3.00562,,Converted 0.71716008 GAL to 0.00012558 BTC
62e73973d81c59bcbe6ddc03,2022-08-01 02:24:51 UTC,Learning Reward,GAL,0.2390914524805738,USD,$4.182,$0.99988,$0.99988,$0.00,Received 0.2390914524805738 GAL from Coinbase as a learning reward
62e7396dd81c59bcbe6ddbaf,2022-08-01 02:24:45 UTC,Learning Reward,GAL,0.2390914524805738,USD,$4.182,$0.99988,$0.99988,$0.00,Received 0.2390914524805738 GAL from Coinbase as a learning reward
62e73966d81c59bcbe6ddb3d,2022-08-01 02:24:38 UTC,Learning Reward,GAL,0.2389771776795316,USD,$4.1845,$1.00,$1.00,$0.00,Received 0.2389771776795316 GAL from Coinbase as a learning reward
62a28e01b060840001c3b2ef,2022-06-10 00:19:13 UTC,Exchange Deposit,USD,-30,USD,$1.00,-$30.00,-$30.00,$0.00,Deposited -30 USD into GDAX
62a28dfef66bad00013c1191,2022-06-10 00:19:10 UTC,Deposit,USD,30,USD,$1.00,$30.00,$30.00,$0.00,Deposit from Capital One 360 - Main... *****7839
6296d0e2fed5fd0001e50197,2022-06-01 02:37:22 UTC,Convert,GRT,13.35559265,USD,$0.1577,$2.05932,$2.10351,,Converted 13.35559265 GRT to 0.00006482 BTC
6296d07e2a34b30001f7c5f5,2022-06-01 02:35:42 UTC,Convert,MINA,3.073245868,USD,$0.958,$2.88789,$2.95032,,Converted 3.073245868 MINA to 0.00009092 BTC
626b5d7550f1bc00014a8b02,2022-04-29 03:37:25 UTC,Exchange Deposit,USD,-20.01,USD,$1.00,-$20.01,-$20.01,$0.00,Deposited -20.01 USD into GDAX
626b5d730c931d0001eb3cea,2022-04-29 03:37:23 UTC,Deposit,USD,20.01,USD,$1.00,$20.01,$20.01,$0.00,Deposit from Capital One 360 - Main... *****7839
623690c75d6fdd0001816ba7,2022-03-20 02:26:15 UTC,Convert,SKL,8.47098686,USD,$0.1309,$1.10070,$1.11012,,Converted 8.47098686 SKL to 0.0937083 APE
61fef8d6b4bdd500015e1ae7,2022-02-05 22:23:18 UTC,Convert,RNDR,0.7957569,USD,$3.77,$2.92721,$2.98807,,Converted 0.7957569 RNDR to 0.00007009 BTC
61fef88f56d1d90001390d8c,2022-02-05 22:22:07 UTC,Convert,GRT,2.17485863,USD,$0.4488,$0.95648,$0.97521,,Converted 2.17485863 GRT to 0.0000229 BTC
61fe7f690480ac0001b97084,2022-02-05 13:45:13 UTC,Exchange Deposit,USD,-50,USD,$1.00,-$50.00,-$50.00,$0.00,Deposited -50 USD into GDAX
61fe7f6078f9410001e58e13,2022-02-05 13:45:04 UTC,Deposit,USD,50,USD,$1.00,$50.00,$50.00,$0.00,Deposit from Capital One 360 - Main... *****7839
61f4c42ac0c973000181973e,2022-01-29 04:35:54 UTC,Convert,JASMY,63.04949679,USD,$0.04793,$2.94819,$2.99926,,Converted 63.04949679 JASMY to 0.00007775 BTC
61d77be94625380001d40e2b,2022-01-06 23:31:53 UTC,Convert,COVAL,100.57354975,USD,$0.11608,$11.45707,$11.69017,,Converted 100.57354975 COVAL to 0.00026604 BTC
61b9e9736f594c0001555766,2021-12-15 13:11:15 UTC,Convert,RLC,1.077199281,USD,$2.66,$2.81873,$2.87074,,Converted 1.077199281 RLC to 26.55418047 COVAL
61b79b899b6bf20001b7d0c8,2021-12-13 19:14:17 UTC,Exchange Deposit,USD,-19.9,USD,$1.00,-$19.90,-$19.90,$0.00,Deposited -19.9 USD into GDAX
61b79b87cecd410001b18867,2021-12-13 19:14:15 UTC,Deposit,USD,19.9,USD,$1.00,$19.90,$19.90,$0.00,Deposit from Capital One 360 - Main... *****7839
61b57f1459bff90001df4747,2021-12-12 04:48:20 UTC,Pro Deposit,SHIB,-228516,USD,$0.00003415,-$7.80382,-$7.80382,$0.00,
61b57e7b1009d600017cc521,2021-12-12 04:45:47 UTC,Convert,CLV,2.68456375,USD,$0.74,$1.94629,$2.00,,Converted 2.68456375 CLV to 13.3958641 COVAL
61b57e42708a720001f6f285,2021-12-12 04:44:50 UTC,Convert,IOTX,19.45885318,USD,$0.15501,$2.94220,$2.98265,,Converted 19.45885318 IOTX to 20.29946359 COVAL
61b5799750374100014fd3f7,2021-12-12 04:24:55 UTC,Buy,COVAL,40.32404159,USD,$0.146705,$6.01,$7.00,$0.99,Bought 40.32404159 COVAL for 7 USD
61b0b6507263fb0001cd57fc,2021-12-08 13:42:40 UTC,Exchange Deposit,USD,-20,USD,$1.00,-$20.00,-$20.00,$0.00,Deposited -20 USD into GDAX
61b0b64d1fb35000010c781f,2021-12-08 13:42:37 UTC,Deposit,USD,20,USD,$1.00,$20.00,$20.00,$0.00,Deposit from Capital One 360 - Main... *****7839
61ab723870108700016449d5,2021-12-04 13:50:48 UTC,Exchange Deposit,USD,-40,USD,$1.00,-$40.00,-$40.00,$0.00,Deposited -40 USD into GDAX
61ab7233d37c1300014f4961,2021-12-04 13:50:43 UTC,Deposit,USD,40,USD,$1.00,$40.00,$40.00,$0.00,Deposit from Capital One 360 - Main... *****7839
61a1a7ae50269900014de3a9,2021-11-27 03:36:14 UTC,Pro Deposit,SHIB,-2690240,USD,$0.00003945,-$106.12997,-$106.12997,$0.00,
61a1969e493ac10001f2763e,2021-11-27 02:23:26 UTC,Pro Deposit,BTC,-0.00757814,USD,$54189.965,-$410.65914,-$410.65914,$0.00,
61a1961abb8c08000188caee,2021-11-27 02:21:14 UTC,Pro Withdrawal,BTC,0.00018358,USD,$54201.56,$9.95032,$9.95032,$0.00,
61a19346b3985c0001e182b2,2021-11-27 02:09:10 UTC,Exchange Deposit,USD,-20,USD,$1.00,-$20.00,-$20.00,$0.00,Deposited -20 USD into GDAX
61a1934350269900015f5220,2021-11-27 02:09:07 UTC,Deposit,USD,20,USD,$1.00,$20.00,$20.00,$0.00,Deposit from Capital One 360 - Main... *****7839
6199b26aba80920001db80d3,2021-11-21 02:43:54 UTC,Buy,SHIB,193632.27061238,USD,$0.00004615,$9.01,$10.00,$0.99,Bought 193632.27061238 SHIB for 10 USD
619885ebd686c30001461d6a,2021-11-20 05:21:47 UTC,Convert,MLN,0.02631152,USD,$114.485,$2.93630,$3.00717,,Converted 0.02631152 MLN to 61045.68058579 SHIB
619877188eef341454046e89,2021-11-20 04:18:32 UTC,Receive,MLN,0.00872836,USD,$114.478,$0.99921,$0.99921,$0.00,Received 0.00872836 MLN from Coinbase Earn
619876abe509291ab7347bbf,2021-11-20 04:16:43 UTC,Receive,MLN,0.00874088,USD,$114.5025,$1.00085,$1.00085,$0.00,Received 0.00874088 MLN from Coinbase Earn
61983f6998ee7f02d5c56cfe,2021-11-20 00:20:57 UTC,Receive,MLN,0.00884228,USD,$113.1435,$1.00045,$1.00045,$0.00,Received 0.00884228 MLN from Coinbase Earn
6196a326d0401b0001d08c88,2021-11-18 19:01:58 UTC,Convert,BTC,0.002068,USD,$57979.27,$117.21947,$120.00789,,Converted 0.002068 BTC to 2664078.844823 SHIB
618e9a23d7549e0001b22c8f,2021-11-12 16:45:23 UTC,Convert,SHIB,2301918.91900515,USD,$0.0000523,$117.34829,$119.35450,,Converted 2301918.91900515 SHIB to 0.00187205 BTC
618b43570b4bc10001651ce1,2021-11-10 03:58:15 UTC,Pro Withdrawal,SHIB,2301918,USD,$0.00005425,$124.87905,$124.87905,$0.00,
618b296b0704e20001610812,2021-11-10 02:07:39 UTC,Pro Deposit,SHIB,-8,USD,$0.00005465,-$0.00044,-$0.00044,$0.00,
618b294f499f9e0001dbb965,2021-11-10 02:07:11 UTC,Pro Deposit,SHIB,-2301910,USD,$0.00005465,-$125.79938,-$125.79938,$0.00,
61846f11cad1030001e03400,2021-11-04 23:38:57 UTC,Convert,ETH,0.0252805,USD,$4536.72,$113.25441,$114.60851,,Converted 0.0252805 ETH to 2301918.91900515 SHIB
617c7ac41d6a6a00018779e4,2021-10-29 22:50:44 UTC,Convert,COMP,0.021565,USD,$328.57,$6.96083,$7.09187,,Converted 0.021565 COMP to 0.00011168 BTC
617c7a9cdb65ec0001c64c55,2021-10-29 22:50:04 UTC,Convert,XLM,38.2127746,USD,$0.35784,$13.44983,$13.72370,,Converted 38.2127746 XLM to 0.00021579 BTC
617c7a62a964de0001a63037,2021-10-29 22:49:06 UTC,Convert,GRT,4.6993996,USD,$0.9787,$4.50929,$4.59531,,Converted 4.6993996 GRT to 0.00007233 BTC
617c7a259e37920001e512f2,2021-10-29 22:48:05 UTC,Convert,CHZ,8.73616921,USD,$0.3559,$3.04777,$3.10571,,Converted 8.73616921 CHZ to 0.00004888 BTC
617c792493244600010eeaef,2021-10-29 22:43:48 UTC,Convert,CTSI,3.77643504,USD,$0.743,$2.75698,$2.81363,,Converted 3.77643504 CTSI to 0.00004425 BTC
617c79099e379200010bf52c,2021-10-29 22:43:21 UTC,Convert,CLV,2.2556391,USD,$1.15,$2.54079,$2.60526,,Converted 2.2556391 CLV to 0.00004078 BTC
617c77460680d90001edc8ea,2021-10-29 22:35:50 UTC,Convert,FET,3.35532939,USD,$0.7422,$2.43132,$2.47875,,Converted 3.35532939 FET to 0.00003903 BTC
617c7726488eea0001a228e6,2021-10-29 22:35:18 UTC,Convert,AMP,52.52443923,USD,$0.04665,$2.39394,$2.43897,,Converted 52.52443923 AMP to 0.00003843 BTC
617b350edfd37400014926e3,2021-10-28 23:41:02 UTC,Convert,OMG,0.0782128,USD,$13.1453,$1.01178,$1.03004,,Converted 0.0782128 OMG to 0.00001671 BTC
617b34edcf1bf30001e5de4e,2021-10-28 23:40:29 UTC,Convert,AUCTION,0.06885474,USD,$35.24,$2.36466,$2.41233,,Converted 0.06885474 AUCTION to 0.00003906 BTC
61733fab33e42207350b78e8,2021-10-22 22:48:11 UTC,Receive,XLM,5.3887585,USD,$0.370925,$1.99883,$1.99883,$0.00,Received 5.3887585 XLM from Coinbase Earn
61733f229f45e704cdd8360e,2021-10-22 22:45:54 UTC,Receive,AUCTION,0.02293052,USD,$43.555,$0.99874,$0.99874,$0.00,Received 0.02293052 AUCTION from Coinbase Earn
61733ed562208217932bc9d4,2021-10-22 22:44:37 UTC,Receive,AUCTION,0.02296211,USD,$43.60,$1.00115,$1.00115,$0.00,Received 0.02296211 AUCTION from Coinbase Earn
61733e8d695c510fd1897460,2021-10-22 22:43:25 UTC,Receive,AUCTION,0.02296211,USD,$43.575,$1.00057,$1.00057,$0.00,Received 0.02296211 AUCTION from Coinbase Earn
61733e42e1a43705001e887f,2021-10-22 22:42:10 UTC,Receive,CTSI,1.25881168,USD,$0.79475,$1.00044,$1.00044,$0.00,Received 1.25881168 CTSI from Coinbase Earn
61733e2f3f4c590b7b3c68ad,2021-10-22 22:41:51 UTC,Receive,CTSI,1.25881168,USD,$0.79475,$1.00044,$1.00044,$0.00,Received 1.25881168 CTSI from Coinbase Earn
61733e250e57b21223e94a8f,2021-10-22 22:41:41 UTC,Receive,CTSI,1.25881168,USD,$0.79475,$1.00044,$1.00044,$0.00,Received 1.25881168 CTSI from Coinbase Earn
61441b401a89671886494719,2021-09-17 04:36:16 UTC,Receive,COMP,0.0071908,USD,$418.235,$3.00744,$3.00744,$0.00,Received 0.0071908 COMP from Coinbase Earn
61441afe21a0ce0db3746794,2021-09-17 04:35:10 UTC,Receive,COMP,0.00718271,USD,$417.18,$2.99648,$2.99648,$0.00,Received 0.00718271 COMP from Coinbase Earn
61441aa41a89671664496291,2021-09-17 04:33:40 UTC,Receive,COMP,0.00719149,USD,$417.895,$3.00529,$3.00529,$0.00,Received 0.00719149 COMP from Coinbase Earn
614417358ac04b04fceca84a,2021-09-17 04:19:01 UTC,Receive,GRT,1.17674747,USD,$0.8504,$1.00071,$1.00071,$0.00,Received 1.17674747 GRT from Coinbase Earn
614416f5ac14a10fd82eac85,2021-09-17 04:17:57 UTC,Receive,GRT,1.17660901,USD,$0.8506,$1.00082,$1.00082,$0.00,Received 1.17660901 GRT from Coinbase Earn
614416b8c65f7a1426a29a29,2021-09-17 04:16:56 UTC,Receive,GRT,1.17412234,USD,$0.85175,$1.00006,$1.00006,$0.00,Received 1.17412234 GRT from Coinbase Earn
61441687ecc8a80b98181ea3,2021-09-17 04:16:07 UTC,Receive,GRT,1.17192078,USD,$0.85175,$0.99818,$0.99818,$0.00,Received 1.17192078 GRT from Coinbase Earn
614412ede616eb1add12b4a0,2021-09-17 04:00:45 UTC,Receive,FET,1.11844313,USD,$0.89825,$1.00464,$1.00464,$0.00,Received 1.11844313 FET from Coinbase Earn
614412d3dc32791685a40fbc,2021-09-17 04:00:19 UTC,Receive,FET,1.11844313,USD,$0.89825,$1.00464,$1.00464,$0.00,Received 1.11844313 FET from Coinbase Earn
614412c4dc32791680a41bab,2021-09-17 04:00:04 UTC,Receive,FET,1.11844313,USD,$0.89535,$1.00140,$1.00140,$0.00,Received 1.11844313 FET from Coinbase Earn
6144126c7b73ed1437e5f86a,2021-09-17 03:58:36 UTC,Receive,CLV,0.7518797,USD,$1.335,$1.00376,$1.00376,$0.00,Received 0.7518797 CLV from Coinbase Earn
614412567b73ed0b7be5f71e,2021-09-17 03:58:14 UTC,Receive,CLV,0.7518797,USD,$1.335,$1.00376,$1.00376,$0.00,Received 0.7518797 CLV from Coinbase Earn
61441239b3ab7604fb91732f,2021-09-17 03:57:45 UTC,Receive,CLV,0.7518797,USD,$1.335,$1.00376,$1.00376,$0.00,Received 0.7518797 CLV from Coinbase Earn
614411e692897d0fcb39aa70,2021-09-17 03:56:22 UTC,Receive,CHZ,2.91375291,USD,$0.34335,$1.00044,$1.00044,$0.00,Received 2.91375291 CHZ from Coinbase Earn
614411e0ba58dc120f27317a,2021-09-17 03:56:16 UTC,Receive,CHZ,2.91120815,USD,$0.34335,$0.99956,$0.99956,$0.00,Received 2.91120815 CHZ from Coinbase Earn
614411d3163c030fd999e206,2021-09-17 03:56:03 UTC,Receive,CHZ,2.91120815,USD,$0.3436,$1.00029,$1.00029,$0.00,Received 2.91120815 CHZ from Coinbase Earn
60d664d0e5e2551540caea87,2021-06-25 23:20:48 UTC,Receive,XLM,8.2639164,USD,$0.2420605,$2.00037,$2.00037,$0.00,Received 8.2639164 XLM from Coinbase Earn
60d66491ff318100ad8a8828,2021-06-25 23:19:45 UTC,Receive,XLM,8.2055995,USD,$0.244562,$2.00678,$2.00678,$0.00,Received 8.2055995 XLM from Coinbase Earn
60d66477c92cba1552c7d4a8,2021-06-25 23:19:19 UTC,Receive,XLM,8.1772501,USD,$0.2444785,$1.99916,$1.99916,$0.00,Received 8.1772501 XLM from Coinbase Earn
60d66458f7a07709ccfd8fc5,2021-06-25 23:18:48 UTC,Receive,XLM,8.1772501,USD,$0.2444785,$1.99916,$1.99916,$0.00,Received 8.1772501 XLM from Coinbase Earn
60d66432baf79b0e59bf3a12,2021-06-25 23:18:10 UTC,Receive,AMP,17.44287459,USD,$0.057275,$0.99904,$0.99904,$0.00,Received 17.44287459 AMP from Coinbase Earn
60d663de3c9bf919eb239780,2021-06-25 23:16:46 UTC,Receive,AMP,17.54078232,USD,$0.05734,$1.00579,$1.00579,$0.00,Received 17.54078232 AMP from Coinbase Earn
60d6639771277902f38e1b0d,2021-06-25 23:15:35 UTC,Receive,AMP,17.54078232,USD,$0.056975,$0.99939,$0.99939,$0.00,Received 17.54078232 AMP from Coinbase Earn
60236079bed1ee00700e8e24,2021-02-10 04:26:33 UTC,Receive,ETH,0.0252805,USD,$1784.395,$45.11040,$45.11040,$0.00,Received 0.0252805 ETH from an external account
60235427f596140ae727eeef,2021-02-10 03:33:59 UTC,Send,ETH,-0.036358,USD,$1816.135,-$66.03104,-$66.03104,$0.00,Sent 0.036358 ETH to 0x66CcC0aD11e6B4a9c57Ea6a416Db0E89666080a0
602354256bf93000010b8707,2021-02-10 03:33:57 UTC,Pro Withdrawal,ETH,0.036358,USD,$1816.135,$66.03104,$66.03104,$0.00,
602352a4680b810d9ef28778,2021-02-10 03:27:32 UTC,Send,ETH,-0.037681,USD,$1816.135,-$68.43378,-$68.43378,$0.00,Sent 0.037681 ETH to 0x66CcC0aD11e6B4a9c57Ea6a416Db0E89666080a0
602352a32292710001cd825e,2021-02-10 03:27:31 UTC,Pro Withdrawal,ETH,0.037681,USD,$1816.135,$68.43378,$68.43378,$0.00,
5ff2851cc410cb031d4f82c9,2021-01-04 03:01:48 UTC,Send,ETH,-0.016034,USD,$977.29,-$15.66987,-$15.66987,$0.00,Sent 0.016034 ETH to 0xfDca903D72f1e25f79134d3a26F044329E039d87
5ff28518540c1100013c7af1,2021-01-04 03:01:44 UTC,Pro Withdrawal,ETH,0.016034,USD,$977.29,$15.66987,$15.66987,$0.00,
5f52c7bfbef3410006aedbc7,2020-09-04 23:03:27 UTC,Exchange Deposit,USD,-10,USD,$1.00,-$10.00,-$10.00,$0.00,Deposited -10 USD into GDAX
5f4d81c1abea990001dd48a3,2020-08-31 23:03:29 UTC,Deposit,USD,10,USD,$1.00,$10.00,$10.00,$0.00,Deposit from Capital One 360 - Main... *****7839
5f086c113aaec41830f50306,2020-07-10 13:24:33 UTC,Pro Deposit,USD,-10,USD,$1.00,-$10.00,-$10.00,$0.00,
5f072d92e998a31579e33552,2020-07-09 14:45:38 UTC,Pro Deposit,USD,-10,USD,$1.00,-$10.00,-$10.00,$0.00,
5f064a78211a26000cac60a3,2020-07-08 22:36:40 UTC,Deposit,USD,10,USD,$1.00,$10.00,$10.00,$0.00,Deposit from Capital One 360 - Main... *****7839
5efbed33e63a6f002d93842b,2020-07-01 01:56:03 UTC,Deposit,USD,10,USD,$1.00,$10.00,$10.00,$0.00,Deposit from Capital One 360 - Main... *****7839
5ee98e77d3fb2e031b30c518,2020-06-17 03:31:03 UTC,Pro Deposit,USD,-10,USD,$1.00,-$10.00,-$10.00,$0.00,
5ee901d13dca1d001265e66d,2020-06-16 17:30:57 UTC,Deposit,USD,10,USD,$1.00,$10.00,$10.00,$0.00,Deposit from Capital One 360 - Main... *****7839
5ee4053fd527fc048df8bfd7,2020-06-12 22:44:15 UTC,Send,BTC,-0.00418828,USD,$9454.345,-$39.59744,-$39.59744,$0.00,Sent 0.00418828 BTC to 3K88rJRxYrEhqSzrQd6HsgpHTqmqstqAqT
5ee4053e931849075dc5bb3d,2020-06-12 22:44:14 UTC,Pro Withdrawal,BTC,0.00418828,USD,$9454.345,$39.59744,$39.59744,$0.00,
5ee3c6a50c1abb000a56ed4c,2020-06-12 18:17:09 UTC,Exchange Deposit,USD,-40,USD,$1.00,-$40.00,-$40.00,$0.00,Deposited -40 USD into GDAX
5ee380299fce8703208d9bd1,2020-06-12 13:16:25 UTC,Send,BTC,-0.00419089,USD,$9456.735,-$39.63214,-$39.63214,$0.00,Sent 0.00419089 BTC to 3K88rJRxYrEhqSzrQd6HsgpHTqmqstqAqT
5ee3802807ef5c1576b7c744,2020-06-12 13:16:24 UTC,Pro Withdrawal,BTC,0.00419089,USD,$9456.735,$39.63214,$39.63214,$0.00,
5edd5d1f8d5f1513fb4f1764,2020-06-07 21:33:19 UTC,Pro Deposit,USD,-40,USD,$1.00,-$40.00,-$40.00,$0.00,
5edd4cd10a4363002407de74,2020-06-07 20:23:45 UTC,Deposit,USD,40,USD,$1.00,$40.00,$40.00,$0.00,Deposit from Capital One 360 - Main... *****7839
5edd2f24b5ef3f000cfeafa2,2020-06-07 18:17:08 UTC,Deposit,USD,40,USD,$1.00,$40.00,$40.00,$0.00,Deposit from SUTTON BANK **********9175
5ed71c78d7bc650473b8838b,2020-06-03 03:43:52 UTC,Send,BTC,-0.00787136,USD,$9490.025,-$74.69940,-$74.69940,$0.00,Sent 0.00787136 BTC to 3K88rJRxYrEhqSzrQd6HsgpHTqmqstqAqT
5ed71c77ad18e903209bb812,2020-06-03 03:43:51 UTC,Pro Withdrawal,BTC,0.00787136,USD,$9490.025,$74.69940,$74.69940,$0.00,
5ed6ec23c21a30000affaa4a,2020-06-03 00:17:39 UTC,Exchange Deposit,USD,-10,USD,$1.00,-$10.00,-$10.00,$0.00,Deposited -10 USD into GDAX
5ed3d5876e89170e085e5452,2020-05-31 16:04:23 UTC,Pro Deposit,USD,-10,USD,$1.00,-$10.00,-$10.00,$0.00,
5ed3d4caa7fc840015ed5b75,2020-05-31 16:01:14 UTC,Deposit,USD,10,USD,$1.00,$10.00,$10.00,$0.00,Deposit from Capital One 360 - Main... *****7839
5ececa0d7cdf150008744aed,2020-05-27 20:14:05 UTC,Receive,OMG,0.0782128,USD,$1.6472,$0.12883,$0.12883,$0.00,Received 0.0782128 OMG from Coinbase
5ecdb19724811100121f6e03,2020-05-27 00:17:27 UTC,Deposit,USD,10,USD,$1.00,$10.00,$10.00,$0.00,Deposit from Capital One 360 - Main... *****7839
5ecdb13d3e26f60cb3e1dbfc,2020-05-27 00:15:57 UTC,Pro Deposit,USD,-10,USD,$1.00,-$10.00,-$10.00,$0.00,
5ec9d151c338ff0020d02048,2020-05-24 01:43:45 UTC,Deposit,USD,10,USD,$1.00,$10.00,$10.00,$0.00,Deposit from Capital One 360 - Main... *****7839
5ec284983e26f6000f171905,2020-05-18 12:50:32 UTC,Deposit,USD,10,USD,$1.00,$10.00,$10.00,$0.00,Deposit from SUTTON BANK **********9175
5ec283b0f6b0c70add466dda,2020-05-18 12:46:40 UTC,Send,BTC,-0.008,USD,$9640.625,-$77.12500,-$77.12500,$0.00,Sent 0.008 BTC to 3AQ9oZJ1zWV8vN5AfMmf85LkWWvBUPZrkL
5ec283ae4b847b17b7db815e,2020-05-18 12:46:38 UTC,Pro Withdrawal,BTC,0.008,USD,$9640.625,$77.12500,$77.12500,$0.00,
5eb8af7e6eb6c70f54caa32d,2020-05-11 01:50:54 UTC,Pro Deposit,USD,-110,USD,$1.00,-$110.00,-$110.00,$0.00,
5eb488bad51b46001d0a9624,2020-05-07 22:16:26 UTC,Deposit,USD,100,USD,$1.00,$100.00,$100.00,$0.00,Deposit from SUTTON BANK **********9175
5eb2369e1304950c260d1c61,2020-05-06 04:01:34 UTC,Deposit,USD,10,USD,$1.00,$10.00,$10.00,$0.00,Deposit from Capital One 360 - Main... *****7839
5e9919e2fb4ab00aee3d8400,2020-04-17 02:52:18 UTC,Send,BTC,-0.0183496,USD,$7088.935,-$130.07912,-$130.07912,$0.00,Sent 0.0183496 BTC to 3Lrx6ujaEkSfmRvA5q2jLy7bJzGz6YEiLc
5e9919e1e863c804689fac62,2020-04-17 02:52:17 UTC,Pro Withdrawal,BTC,0.0183496,USD,$7088.935,$130.07912,$130.07912,$0.00,
5e990f6b73ce0314200e2426,2020-04-17 02:07:39 UTC,Pro Deposit,USD,-79.52,USD,$1.00,-$79.52,-$79.52,$0.00,
5e990f30f5ebf9000179d31b,2020-04-17 02:06:40 UTC,Sell,ETH,-0.48107485,USD,$172.52,$82.51,$79.52,-$2.99,Sold 0.48107485 ETH for 79.52 USD
5e0e9afd746a9c066ce39bea,2020-01-03 01:38:05 UTC,Pro Deposit,USD,-10,USD,$1.00,-$10.00,-$10.00,$0.00,
5e0e9ab02f917e001849b3f7,2020-01-03 01:36:48 UTC,Deposit,USD,10,USD,$1.00,$10.00,$10.00,$0.00,Deposit from Capital One 360 - Main... *****7839
5de5a0360a8719000db92954,2019-12-02 23:37:26 UTC,Exchange Deposit,USD,-15,USD,$1.00,-$15.00,-$15.00,$0.00,Deposited -15 USD into GDAX
5dd9c2ad20fc720016f9b177,2019-11-23 23:37:17 UTC,Deposit,USD,15,USD,$1.00,$15.00,$15.00,$0.00,Deposit from Capital One 360 - Main... *****7839
5d583311d23abe038fc25188,2019-08-17 17:02:09 UTC,Send,BTC,-0.00731242,USD,$10309.975,-$75.39087,-$75.39087,$0.00,Sent 0.00731242 BTC to 3Lrx6ujaEkSfmRvA5q2jLy7bJzGz6YEiLc
5d5830e8f3eeca002b295286,2019-08-17 16:52:56 UTC,Buy,BTC,0.01417275,USD,$10322.695,$147.01,$150.00,$2.99,Bought 0.01417275 BTC for 150 USD
5d582ea2f3eeca001ffe9d08,2019-08-17 16:43:14 UTC,Deposit,USD,150,USD,$1.00,$150.00,$150.00,$0.00,Deposit from Capital One 360 - Main... *****7839
5d559897f406e3048b702d70,2019-08-15 17:38:31 UTC,Pro Deposit,USD,-10,USD,$1.00,-$10.00,-$10.00,$0.00,
5d559880b1437e000e90a015,2019-08-15 17:38:08 UTC,Deposit,USD,10,USD,$1.00,$10.00,$10.00,$0.00,Deposit from Capital One 360 - Main... *****7839
5d4d7fc973a14110249074e9,2019-08-09 14:14:33 UTC,Pro Deposit,USD,-10,USD,$1.00,-$10.00,-$10.00,$0.00,
5d4d7f86200baa0029bac1dc,2019-08-09 14:13:26 UTC,Deposit,USD,10,USD,$1.00,$10.00,$10.00,$0.00,Deposit from Capital One 360 - Main... *****7839
5cfbb32ded193000d8cd0679,2019-06-08 13:07:57 UTC,Pro Deposit,USD,-15,USD,$1.00,-$15.00,-$15.00,$0.00,
5cfbb2bf71a2fa00135e4b1b,2019-06-08 13:06:07 UTC,Deposit,USD,15,USD,$1.00,$15.00,$15.00,$0.00,Deposit from Capital One 360 - Main... *****7839
5cc669e70cb01300f14a79a9,2019-04-29 03:05:11 UTC,Send,BTC,-0.00289076,USD,$5178.995,-$14.97123,-$14.97123,$0.00,Sent 0.00289076 BTC to 3HYxEXiWA4cZRU9vTNdR1zKvF3BoemTmPy
5cc669e62e10f4009544256a,2019-04-29 03:05:10 UTC,Pro Withdrawal,BTC,0.00289076,USD,$5178.995,$14.97123,$14.97123,$0.00,
5cc66945c01af7038016b888,2019-04-29 03:02:29 UTC,Pro Deposit,USD,-15,USD,$1.00,-$15.00,-$15.00,$0.00,
5cc6689ac51635001f80b397,2019-04-29 02:59:38 UTC,Deposit,USD,15,USD,$1.00,$15.00,$15.00,$0.00,Deposit from Capital One 360 - Main... *****7839
5cb9382db8477800c305ddfc,2019-04-19 02:53:33 UTC,Send,BTC,-0.00287189,USD,$5223.715,-$15.00193,-$15.00193,$0.00,Sent 0.00287189 BTC to 3HYxEXiWA4cZRU9vTNdR1zKvF3BoemTmPy
5cb9382c55100403599bd208,2019-04-19 02:53:32 UTC,Pro Withdrawal,BTC,0.00287189,USD,$5223.715,$15.00193,$15.00193,$0.00,
5cb9377ae846e902ad60edb1,2019-04-19 02:50:34 UTC,Pro Deposit,USD,-15,USD,$1.00,-$15.00,-$15.00,$0.00,
5cb937213490ae001b32d61f,2019-04-19 02:49:05 UTC,Deposit,USD,15,USD,$1.00,$15.00,$15.00,$0.00,Deposit from Capital One 360 - Main... *****7839
5cb92106b8477800fd05dc84,2019-04-19 01:14:46 UTC,Send,BTC,-0.01165259,USD,$5268.005,-$61.38590,-$61.38590,$0.00,Sent 0.01165259 BTC to 3HYxEXiWA4cZRU9vTNdR1zKvF3BoemTmPy
5cb9210501269d00d7c3a143,2019-04-19 01:14:45 UTC,Pro Withdrawal,BTC,0.01165259,USD,$5268.005,$61.38590,$61.38590,$0.00,
5cb3eb312af9f5009ada7f6c,2019-04-15 02:23:45 UTC,Pro Deposit,USD,-15,USD,$1.00,-$15.00,-$15.00,$0.00,
5cb3eac41e4fa3001ba46ab3,2019-04-15 02:21:56 UTC,Deposit,USD,15,USD,$1.00,$15.00,$15.00,$0.00,Deposit from Capital One 360 - Main... *****7839
5caaa5b9fcf284027d5d26e7,2019-04-08 01:36:57 UTC,Pro Deposit,USD,-15,USD,$1.00,-$15.00,-$15.00,$0.00,
5caaa545969bde0027b5e63a,2019-04-08 01:35:01 UTC,Deposit,USD,15,USD,$1.00,$15.00,$15.00,$0.00,Deposit from Capital One 360 - Main... *****7839
5ca6e050a741000219e625b5,2019-04-05 04:57:52 UTC,Pro Deposit,USD,-15,USD,$1.00,-$15.00,-$15.00,$0.00,
5ca6dfcee03bef001771b627,2019-04-05 04:55:42 UTC,Deposit,USD,15,USD,$1.00,$15.00,$15.00,$0.00,Deposit from Capital One 360 - Main... *****7839
5c87220dc57d030abc0f0a9e,2019-03-12 03:05:49 UTC,Pro Deposit,USD,-15,USD,$1.00,-$15.00,-$15.00,$0.00,
5c8720b998e3ef005585487a,2019-03-12 03:00:09 UTC,Deposit,USD,15,USD,$1.00,$15.00,$15.00,$0.00,Deposit from Capital One 360 - Main... *****7839
5c76054e2d0baa055d9895d9,2019-02-27 03:34:38 UTC,Send,BTC,-0.02632263,USD,$3799.195,-$100.00480,-$100.00480,$0.00,Sent 0.02632263 BTC to 3Km26YqrZCN872E4uwyfUUkaGFqm1nkJvv
5c76054d4a7fb411b37d7a07,2019-02-27 03:34:37 UTC,Pro Withdrawal,BTC,0.02632263,USD,$3799.195,$100.00480,$100.00480,$0.00,
5c75e74f2bc087002af2f405,2019-02-27 01:26:39 UTC,Exchange Deposit,USD,-100,USD,$1.00,-$100.00,-$100.00,$0.00,Deposited -100 USD into GDAX
5c68b84f56f265003bd2fa1b,2019-02-17 01:26:39 UTC,Deposit,USD,100,USD,$1.00,$100.00,$100.00,$0.00,Deposit from Capital One 360 - Main... *****7839
5be5d2da7ee94803cad97f38,2018-11-09 18:32:58 UTC,Pro Deposit,USD,-10,USD,$1.00,-$10.00,-$10.00,$0.00,
5bdddbc8b559740001b380a8,2018-11-03 17:32:56 UTC,Deposit,USD,10,USD,$1.00,$10.00,$10.00,$0.00,Deposit from Capital One 360 - Main... *****7839
5b2afb2b1ffaaa13690dc01a,2018-06-21 01:11:07 UTC,Send,BTC,-0.00235127,USD,$6754.65,-$15.88201,-$15.88201,$0.00,Sent 0.00235127 BTC to 3PgyTyZ6hNBcY2DKrHQwLfLH1i6okSTAJv
5b2afb2aa7f23c080bb8d3f6,2018-06-21 01:11:06 UTC,Exchange Withdrawal,BTC,0.00235127,USD,$6754.65,$15.88201,$15.88201,$0.00,
5b2afa9e8544290954651447,2018-06-21 01:08:46 UTC,Exchange Deposit,USD,-15,USD,$1.00,-$15.00,-$15.00,$0.00,Deposited -15 USD into GDAX
5b21befb213dd8000178255e,2018-06-14 01:03:55 UTC,Deposit,USD,15,USD,$1.00,$15.00,$15.00,$0.00,Deposit from Capital One 360 - Main... *****7839
5b0c09efa9108f011bcaa528,2018-05-28 13:53:51 UTC,Exchange Withdrawal,ETH,0.48107485,USD,$530.75,$255.33048,$255.33048,$0.00,
5b0369b74e3de8000183c4f0,2018-05-22 00:52:07 UTC,Withdrawal,USD,-49.99,USD,$1.00,$49.99,$49.99,$0.00,Withdrawal to Capital One 360 - Main... *****7839
5b0369b5f47a1605e04633bc,2018-05-22 00:52:05 UTC,Exchange Withdrawal,USD,49.99,USD,$1.00,$49.99,$49.99,$0.00,
5aee35069c4526053ea62c57,2018-05-05 22:49:42 UTC,Send,BTC,-0.01036644,USD,$9800.01,-$101.59122,-$101.59122,$0.00,Sent 0.01036644 BTC to 38mnxdb2SzGxpvwFGWWa1sGvmVAq1czA5s
5aee35059c452619b8a62802,2018-05-05 22:49:41 UTC,Exchange Withdrawal,BTC,0.01036644,USD,$9800.01,$101.59122,$101.59122,$0.00,
5aee113d416df70bee33cd2f,2018-05-05 20:17:01 UTC,Exchange Deposit,USD,-100,USD,$1.00,-$100.00,-$100.00,$0.00,Deposited -100 USD into GDAX
5aea17abd2ff6b052f7f3b1a,2018-05-02 19:55:23 UTC,Send,BTC,-0.01083604,USD,$9098.97,-$98.59680,-$98.59680,$0.00,Sent 0.01083604 BTC to 1Byb6C211ha7toBoodbfyUnHPfx8nY384d
5aea17abd2ff6b01217f39b9,2018-05-02 19:55:23 UTC,Exchange Withdrawal,BTC,0.01083604,USD,$9098.97,$98.59680,$98.59680,$0.00,
5aea1693d29e181353bbad40,2018-05-02 19:50:43 UTC,Exchange Deposit,USD,-98.9,USD,$1.00,-$98.90,-$98.90,$0.00,Deposited -98.9 USD into GDAX
5ad5dbdbf785fc0001c215cb,2018-04-17 11:34:51 UTC,Deposit,USD,198.9,USD,$1.00,$198.90,$198.90,$0.00,Deposit from Capital One 360 - Main... *****7839
5ad2388cc26bc80b34917e91,2018-04-14 17:21:16 UTC,Send,ETH,-0.5,USD,$496.09,-$248.04500,-$248.04500,$0.00,Sent 0.5 ETH to 0x98ED9aEE138F237b25E32916843C036e5d5eb6cD
5ad231b082b44e05dc0ff288,2018-04-14 16:52:00 UTC,Exchange Withdrawal,ETH,0.001,USD,$495.33,$0.49533,$0.49533,$0.00,
5ad231b01172c9119a175a08,2018-04-14 16:52:00 UTC,Send,ETH,-0.001,USD,$495.33,-$0.49533,-$0.49533,$0.00,Sent 0.001 ETH to 0x98ED9aEE138F237b25E32916843C036e5d5eb6cD
5acff2d06abae103b192f60f,2018-04-12 23:59:12 UTC,Send,BTC,-0.0147059,USD,$7911.01,-$116.33852,-$116.33852,$0.00,Sent 0.0147059 BTC to 35He3sW1G31MZ1AHs3y9GTstoJyaAgPy5C
5acff2cf4d14df125f794abd,2018-04-12 23:59:11 UTC,Exchange Withdrawal,BTC,0.0147059,USD,$7911.01,$116.33852,$116.33852,$0.00,
5ace9ea1817c93016c95962e,2018-04-11 23:47:45 UTC,Exchange Deposit,USD,-217.22,USD,$1.00,-$217.22,-$217.22,$0.00,Deposited -217.22 USD into GDAX
5ac6b5a01409ce000179fef5,2018-04-05 23:47:44 UTC,Deposit,USD,217.22,USD,$1.00,$217.22,$217.22,$0.00,Deposit from Capital One 360 - Main... *****7839
5ac5138d53cdec0924f31724,2018-04-04 18:03:57 UTC,Send,BTC,-0.01,USD,$6845.90,-$68.45900,-$68.45900,$0.00,Sent 0.01 BTC to 35B1rG2rdkHyX8smZVycpmuqUgTdj7gynF
5ac5138cbbf66c0ce0d07b44,2018-04-04 18:03:56 UTC,Exchange Withdrawal,BTC,0.01,USD,$6845.90,$68.45900,$68.45900,$0.00,
5ac4f2c1bc9fdf0424034e59,2018-04-04 15:44:01 UTC,Exchange Deposit,ETH,-0.10008914,USD,$376.33,-$37.66655,-$37.66655,$0.00,Deposited -0.10008914 ETH into GDAX
5ac4ed892658150c79d95079,2018-04-04 15:21:45 UTC,Exchange Deposit,USD,-155.94,USD,$1.00,-$155.94,-$155.94,$0.00,Deposited -155.94 USD into GDAX
5abecb68293fdd0419b8ed29,2018-03-30 23:42:32 UTC,Exchange Withdrawal,BTC,0.00217796,USD,$6855.00,$14.92992,$14.92992,$0.00,
5abecb681cea53028f9a1739,2018-03-30 23:42:32 UTC,Send,BTC,-0.00217796,USD,$6855.00,-$14.92992,-$14.92992,$0.00,Sent 0.00217796 BTC to 36SscH55J8vi3gYhduoRmirqajxsWuonhW
5abecaaeceae1d042e219e98,2018-03-30 23:39:26 UTC,Exchange Deposit,USD,-15,USD,$1.00,-$15.00,-$15.00,$0.00,Deposited -15 USD into GDAX
5abd6ef5ff8278011b92f232,2018-03-29 22:55:49 UTC,Exchange Withdrawal,ETH,0.10000001,USD,$391.77,$39.17700,$39.17700,$0.00,
5abd6eb4ff8278013392f1c6,2018-03-29 22:54:44 UTC,Exchange Withdrawal,ETH,0.08854212,USD,$391.77,$34.68815,$34.68815,$0.00,
5abd0482cbd8920001df53d3,2018-03-29 15:21:38 UTC,Deposit,USD,155.94,USD,$1.00,$155.94,$155.94,$0.00,Deposit from Capital One 360 - Main... *****7839
5abc3d76d37ac8133dba55bc,2018-03-29 01:12:22 UTC,Exchange Deposit,USD,-15,USD,$1.00,-$15.00,-$15.00,$0.00,Deposited -15 USD into GDAX
5abb1dc4580cab0001622cc4,2018-03-28 04:44:52 UTC,Buy,ETH,0.16107365,USD,$448.00,$72.47,$75.46,$2.99,Bought 0.16107365 ETH for 75.46 USD
5ab96b389564500001ba0957,2018-03-26 21:50:48 UTC,Deposit,USD,15,USD,$1.00,$15.00,$15.00,$0.00,Deposit from Capital One 360 - Main... *****7839
5ab5b7098d5f15011ba13a4a,2018-03-24 02:25:13 UTC,Send,BTC,-0.01012002,USD,$8855.10,-$89.61379,-$89.61379,$0.00,Sent 0.01012002 BTC to 33x4TfAZEkEhivpuwpFu3yF268jXFgCVdm
5ab5b708a74adb16b1b7e223,2018-03-24 02:25:12 UTC,Exchange Withdrawal,BTC,0.01012002,USD,$8855.10,$89.61379,$89.61379,$0.00,
5ab2fe771abb010001f1111a,2018-03-22 00:53:11 UTC,Deposit,USD,15,USD,$1.00,$15.00,$15.00,$0.00,Deposit from Capital One 360 - Main... *****7839
5ab0796298de8604306e79b4,2018-03-20 03:00:50 UTC,Exchange Deposit,USD,-80,USD,$1.00,-$80.00,-$80.00,$0.00,Deposited -80 USD into GDAX
5aa73ec47ad1730001f856a2,2018-03-13 03:00:20 UTC,Deposit,USD,80,USD,$1.00,$80.00,$80.00,$0.00,Deposit from Capital One 360 - Main... *****7839
5a9dee86182468040df61375,2018-03-06 01:27:34 UTC,Send,BTC,-0.00033604,USD,$11229.06,-$3.77341,-$3.77341,$0.00,Sent 0.00033604 BTC to 3B688P3GUB6zfKJYEASMSW6v1B6WcuiGFW
5a8cc087d334f9025b3e769f,2018-02-21 00:42:47 UTC,Exchange Deposit,USD,-26.29,USD,$1.00,-$26.29,-$26.29,$0.00,Deposited -26.29 USD into GDAX
5a8b8670ee2030015163b4f0,2018-02-20 02:22:40 UTC,Exchange Deposit,USD,-100,USD,$1.00,-$100.00,-$100.00,$0.00,Deposited -100 USD into GDAX
5a84fa2f0e46ae0378150569,2018-02-15 03:10:39 UTC,Exchange Withdrawal,ETH,0.00047336,USD,$928.94,$0.43972,$0.43972,$0.00,
5a84f9ff5e92d00467cfd5d9,2018-02-15 03:09:51 UTC,Exchange Withdrawal,USD,126.29,USD,$1.00,$126.29,$126.29,$0.00,
5a84f9b9a7dc7101280330d2,2018-02-15 03:08:41 UTC,Exchange Withdrawal,BTC,0.00039928,USD,$9666.00,$3.85944,$3.85944,$0.00,
5a84ed63b9c13406ce60198d,2018-02-15 02:16:03 UTC,Exchange Withdrawal,BTC,0.054423,USD,$9423.71,$512.86657,$512.86657,$0.00,
5a84ed632e37d60120f0d4b5,2018-02-15 02:16:03 UTC,Send,BTC,-0.054423,USD,$9423.71,-$512.86657,-$512.86657,$0.00,Sent 0.054423 BTC to 17D96XbuVBgno6mmahrmRJSDR9pA2wzXoL
5a84ec3848547801447cb2d8,2018-02-15 02:11:04 UTC,Exchange Deposit,ETH,-0.7,USD,$915.00,-$640.50,-$640.50,$0.00,Deposited -0.7 ETH into GDAX
5a8362a2a10be9013065ac39,2018-02-13 22:11:46 UTC,Exchange Deposit,USD,-15,USD,$1.00,-$15.00,-$15.00,$0.00,Deposited -15 USD into GDAX
5a7f2cd48d8f5902e118e25b,2018-02-10 17:33:08 UTC,Exchange Deposit,LTC,-0.3518914,USD,$154.01,-$54.19479,-$54.19479,$0.00,Deposited -0.3518914 LTC into GDAX
5a7f29828206dd0001f261b0,2018-02-10 17:18:58 UTC,Receive,LTC,0.3518914,USD,$153.23,$53.92032,$53.92032,$0.00,Received 0.3518914 LTC from an external account
5a7c5435d9c34a03fc5dc389,2018-02-08 13:44:21 UTC,Exchange Deposit,ETH,-0.04,USD,$824.00,-$32.96,-$32.96,$0.00,Deposited -0.04 ETH into GDAX
5a7c53e34d33610158777f08,2018-02-08 13:42:59 UTC,Exchange Withdrawal,ETH,0.99,USD,$824.00,$815.76,$815.76,$0.00,
5a7b6f196f8abe0001fec90c,2018-02-07 21:26:49 UTC,Deposit,USD,15,USD,$1.00,$15.00,$15.00,$0.00,Deposit from Capital One 360 - Main... *****7839
5a73d02d48c00c0222738d70,2018-02-02 02:42:53 UTC,Send,ETH,-0.02043467,USD,$948.47,-$19.38167,-$19.38167,$0.00,Sent 0.02043467 ETH to 0xd30b97fae55ae0997bcc9b834eeeaa0af5e63ac0
5a73d02d415999031e19c781,2018-02-02 02:42:53 UTC,Exchange Withdrawal,ETH,0.02043467,USD,$948.47,$19.38167,$19.38167,$0.00,
5a73cfdd42884b0150ea3221,2018-02-02 02:41:33 UTC,Exchange Deposit,ETH,-0.02043467,USD,$948.47,-$19.38167,-$19.38167,$0.00,Deposited -0.02043467 ETH into GDAX
5a73cf7455d94000011e0dad,2018-02-02 02:39:48 UTC,Buy,ETH,0.02043467,USD,$948.47,$19.51,$21.00,$1.49,Bought 0.02043467 ETH for 21 USD
5a6c935f9ea54b02d05d3032,2018-01-27 14:57:35 UTC,Send,ETH,-0.01881149,USD,$1059.79,-$19.93623,-$19.93623,$0.00,Sent 0.01881149 ETH to 0xd30b97fae55ae0997bcc9b834eeeaa0af5e63ac0
5a6c935e370d4901503fd783,2018-01-27 14:57:34 UTC,Exchange Withdrawal,ETH,0.01881149,USD,$1059.79,$19.93623,$19.93623,$0.00,
5a6b99e0e32f790194532583,2018-01-26 21:13:04 UTC,Exchange Deposit,USD,-20,USD,$1.00,-$20.00,-$20.00,$0.00,Deposited -20 USD into GDAX
5a662f01790c1606c0a949b3,2018-01-22 18:35:45 UTC,Send,ETH,-0.02105264,USD,$980.91,-$20.65075,-$20.65075,$0.00,Sent 0.02105264 ETH to 0xd30b97fae55ae0997bcc9b834eeeaa0af5e63ac0
5a662f005389d9056fc47d37,2018-01-22 18:35:44 UTC,Exchange Withdrawal,ETH,0.02105264,USD,$980.91,$20.65075,$20.65075,$0.00,
5a66083c9ccef50147ba1cf5,2018-01-22 15:50:20 UTC,Exchange Deposit,USD,-20,USD,$1.00,-$20.00,-$20.00,$0.00,Deposited -20 USD into GDAX
5a64fcde1c739b00016a4e93,2018-01-21 20:49:34 UTC,Deposit,USD,20,USD,$1.00,$20.00,$20.00,$0.00,Deposit from Capital One 360 - Main... *****7839
5a5c0e09b520550143c7569c,2018-01-15 02:12:25 UTC,Send,ETH,-0.01378761,USD,$1323.17,-$18.24335,-$18.24335,$0.00,Sent 0.01378761 ETH to 0xd30b97fae55ae0997bcc9b834eeeaa0af5e63ac0
5a5c0e091cf7b4012f6d2500,2018-01-15 02:12:25 UTC,Exchange Withdrawal,ETH,0.01378761,USD,$1323.17,$18.24335,$18.24335,$0.00,
5a5b7a56fa274800014a4fb5,2018-01-14 15:42:14 UTC,Deposit,USD,20,USD,$1.00,$20.00,$20.00,$0.00,Deposit from Capital One 360 - Main... *****7839
5a5b797264aa3e01c343d8fa,2018-01-14 15:38:26 UTC,Exchange Deposit,ETH,-0.01378761,USD,$1289.16,-$17.77444,-$17.77444,$0.00,Deposited -0.01378761 ETH into GDAX
5a519bcfa6ef91052a98aac5,2018-01-07 04:02:23 UTC,Exchange Deposit,ETH,-0.26316617,USD,$1043.89,-$274.71653,-$274.71653,$0.00,Deposited -0.26316617 ETH into GDAX
5a50512498adf500014e28fd,2018-01-06 04:31:32 UTC,Buy,ETH,0.01378761,USD,$974.14,$13.51,$15.00,$1.49,Bought 0.01378761 ETH for 15 USD
5a41a1378dd77906154637f4,2017-12-26 01:09:11 UTC,Send,ETH,-0.26316617,USD,$744.96,-$196.04827,-$196.04827,$0.00,Sent 0.26316617 ETH to 0xd30b97fae55ae0997bcc9b834eeeaa0af5e63ac0
5a41a13602b05b072d9e0cd7,2017-12-26 01:09:10 UTC,Exchange Withdrawal,ETH,0.26316617,USD,$744.96,$196.04827,$196.04827,$0.00,
5a41a00eb77b9400013d899b,2017-12-26 01:04:14 UTC,Buy,ETH,0.26316617,USD,$744.02,$197.01,$200.00,$2.99,Bought 0.26316617 ETH for 200 USD
59e2a85199c28800e6553f2d,2017-10-15 00:14:09 UTC,Send,BTC,-0.00662187,USD,$5819.41,-$38.53538,-$38.53538,$0.00,Sent 0.00662187 BTC to 1KBMpsf5zZa3oipdK64G1mzbWMxdKTjSNQ
59e2a850652f0200b7ae24db,2017-10-15 00:14:08 UTC,Exchange Withdrawal,BTC,0.00662187,USD,$5819.41,$38.53538,$38.53538,$0.00,
59de9e2a1ac1810373162e6b,2017-10-11 22:41:46 UTC,Exchange Deposit,USD,-14.62,USD,$1.00,-$14.62,-$14.62,$0.00,Deposited -14.62 USD into GDAX
59d81fbc0067d700d420f179,2017-10-07 00:28:44 UTC,Exchange Deposit,USD,-14.21,USD,$1.00,-$14.21,-$14.21,$0.00,Deposited -14.21 USD into GDAX
59d55af6e7df0600edb6baeb,2017-10-04 22:04:38 UTC,Send,BTC,-0.00362113,USD,$4215.00,-$15.26306,-$15.26306,$0.00,Sent 0.00362113 BTC to 1LDgJsJB48rNm8zKiwwxNaoudsoB41BnY
59d55387d4a82e0001c40720,2017-10-04 21:32:55 UTC,Deposit,USD,14.62,USD,$1.00,$14.62,$14.62,$0.00,Deposit from Capital One 360 - Main... *****7839
59d2b9d5fd576b0001f3e496,2017-10-02 22:12:37 UTC,Deposit,USD,14.21,USD,$1.00,$14.21,$14.21,$0.00,Deposit from Capital One 360 - Main... *****7839
59d2b91c91f303030c3e6466,2017-10-02 22:09:32 UTC,Exchange Deposit,USD,-14.56,USD,$1.00,-$14.56,-$14.56,$0.00,Deposited -14.56 USD into GDAX
59cc25339307c401d97eab60,2017-09-27 22:24:51 UTC,Exchange Deposit,ETH,-0.75849483,USD,$312.36,-$236.92345,-$236.92345,$0.00,Deposited -0.75849483 ETH into GDAX
59cacdf70ec7c3021f127830,2017-09-26 22:00:23 UTC,Exchange Deposit,USD,-14.21,USD,$1.00,-$14.21,-$14.21,$0.00,Deposited -14.21 USD into GDAX
59cacbf100724d0001d3e51c,2017-09-26 21:51:45 UTC,Deposit,USD,14.56,USD,$1.00,$14.56,$14.56,$0.00,Deposit from Capital One 360 - Main... *****7839
59c977e9a3151e011f3519a3,2017-09-25 21:40:57 UTC,Exchange Deposit,LTC,-0.28660463,USD,$52.47,-$15.03814,-$15.03814,$0.00,Deposited -0.28660463 LTC into GDAX
59c945948a9af50224721d2f,2017-09-25 18:06:12 UTC,Exchange Deposit,USD,-61.73,USD,$1.00,-$61.73,-$61.73,$0.00,Deposited -61.73 USD into GDAX
59c496ebbaeaef030b91ed50,2017-09-22 04:51:55 UTC,Exchange Withdrawal,LTC,0.28660463,USD,$48.74,$13.96911,$13.96911,$0.00,
59c41223ec721f00b4e52a69,2017-09-21 19:25:23 UTC,Exchange Deposit,USD,-13.14,USD,$1.00,-$13.14,-$13.14,$0.00,Deposited -13.14 USD into GDAX
59c297ab97fd6a000125de74,2017-09-20 16:30:35 UTC,Deposit,USD,14.21,USD,$1.00,$14.21,$14.21,$0.00,Deposit from Capital One 360 - Main... *****7839
59bf256a3c856500012a753b,2017-09-18 01:46:18 UTC,Deposit,USD,61.73,USD,$1.00,$61.73,$61.73,$0.00,Deposit from Capital One 360 - Main... *****7839
59beab52e469f70126f4036b,2017-09-17 17:05:22 UTC,Exchange Withdrawal,ETH,0.75849483,USD,$260.98,$197.95198,$197.95198,$0.00,
59beaaccde7f8801938fc4e2,2017-09-17 17:03:08 UTC,Exchange Withdrawal,BTC,0.00362113,USD,$3766.00,$13.63718,$13.63718,$0.00,
59baf3e7fd576b0001f94423,2017-09-14 21:25:59 UTC,Deposit,USD,13.14,USD,$1.00,$13.14,$13.14,$0.00,Deposit from Capital One 360 - Main... *****7839
59bae8eb88fc1502135115c7,2017-09-14 20:39:07 UTC,Exchange Deposit,USD,-12.31,USD,$1.00,-$12.31,-$12.31,$0.00,Deposited -12.31 USD into GDAX
59ad865df352a300bfcdbee4,2017-09-04 16:59:09 UTC,Exchange Deposit,ETH,-0.75339944,USD,$300.58,-$226.45680,-$226.45680,$0.00,Deposited -0.75339944 ETH into GDAX
59ac0b8d81d9240001432dac,2017-09-03 14:02:53 UTC,Buy,ETH,0.75339533,USD,$347.00,$261.38,$265.27,$3.89,Bought 0.75339533 ETH for 265.27 USD
59ab4853d820bd0001e7daef,2017-09-03 00:09:55 UTC,Sell,ETH,-0.75381,USD,$359.02,$269.28,$265.27,-$4.01,Sold 0.75381 ETH for 265.27 USD
59ab01486586f20001c7e2c2,2017-09-02 19:06:48 UTC,Deposit,USD,12.31,USD,$1.00,$12.31,$12.31,$0.00,Deposit from Capital One 360 - Main... *****7839
599e278bea7ef80094e6d023,2017-08-24 01:10:35 UTC,Send,BTC,-0.02,USD,$4136.80,-$82.73600,-$82.73600,$0.00,Sent 0.02 BTC to 1AVzhkvtsVpPxydKWwpB1H4SzKjHnQrjyV
599e1971898e8f0001c4d144,2017-08-24 00:10:25 UTC,Receive,BTC,0.02,USD,$4146.04,$82.92080,$82.92080,$0.00,Received 0.02 BTC from an external account
599e1875b21f9401229d587e,2017-08-24 00:06:13 UTC,Send,ETH,-0.28902328,USD,$317.90,-$91.88050,-$91.88050,$0.00,Sent 0.28902328 ETH to 0xd71df21230f4adc196cde3c6a06ccea92529d9b7
594f0bb19e180f00011d1ea6,2017-06-25 01:02:41 UTC,Buy,ETH,0.4924539,USD,$297.61,$147.00,$149.99,$2.99,Bought 0.4924539 ETH for 149.99 USD
5941ee6be3438800013d51a1,2017-06-15 02:18:19 UTC,Buy,ETH,0.27342285,USD,$349.52,$96.16,$100.00,$3.84,Bought 0.27342285 ETH for 100 USD
593d857f3a19050001a9bf1f,2017-06-11 18:01:35 UTC,Buy,ETH,0.27696064,USD,$345.30,$96.16,$100.00,$3.84,Bought 0.27696064 ETH for 100 USD
